date,energy_kWh
2023-01-01,2.777710
2023-01-02,2.825560
2023-01-03,2.811460
2023-01-04,2.873000
2023-01-05,2.970090
2023-01-06,2.827240
2023-01-07,2.599690
2023-01-08,2.870880
2023-01-09,2.399490
2023-01-10,1.100770
2023-01-11,2.008430
2023-01-12,1.097540
2023-01-13,1.535410
2023-01-14,3.028810
2023-01-15,1.772610
2023-01-16,1.965750
2023-01-17,1.420310
2023-01-18,1.609090
2023-01-19,1.012730
2023-01-20,1.198970
2023-01-21,1.808400
2023-01-22,2.211740
2023-01-23,1.643310
2023-01-24,1.722160
2023-01-25,1.723060
2023-01-26,1.866310
2023-01-27,2.356430
2023-01-28,1.893120
2023-01-29,1.602920
2023-01-30,1.108270
2023-01-31,1.859450
2023-02-01,2.130610
2023-02-02,3.332320
2023-02-03,3.180930
2023-02-04,2.246970
2023-02-05,3.370400
2023-02-06,3.044500
2023-02-07,2.434670
2023-02-08,1.383460
2023-02-09,1.508770
2023-02-10,2.615590
2023-02-11,1.731380
2023-02-12,3.315230
2023-02-13,2.215940
2023-02-14,2.798620
2023-02-15,1.465030
2023-02-16,3.056040
2023-02-17,3.127450
2023-02-18,3.031540
2023-02-19,2.917130
2023-02-20,3.355760
2023-02-21,2.637790
2023-02-22,1.571520
2023-02-23,2.026350
2023-02-24,2.998010
2023-02-25,1.590780
2023-02-26,2.861380
2023-02-27,3.583910
2023-02-28,3.295380
2023-03-01,2.740870
2023-03-02,3.255080
2023-03-03,2.425830
2023-03-04,3.536250
2023-03-05,3.440910
2023-03-06,3.230720
2023-03-07,3.592780
2023-03-08,3.492650
2023-03-09,3.237510
2023-03-10,3.524140
2023-03-11,3.553860
2023-03-12,3.347480
2023-03-13,2.874930
2023-03-14,3.796960
2023-03-15,3.589510
2023-03-16,3.684550
2023-03-17,1.158510
2023-03-18,1.566090
2023-03-19,2.415180
2023-03-20,2.738420
2023-03-21,2.843590
2023-03-22,2.835850
2023-03-23,3.671410
2023-03-24,3.702260
2023-03-25,3.676400
2023-03-26,3.622750
2023-03-27,3.767770
2023-03-28,3.805520
2023-03-29,3.752050
2023-03-30,3.553520
2023-03-31,3.578080
2023-04-01,3.776930
2023-04-02,3.719470
2023-04-03,3.554710
2023-04-04,2.775380
2023-04-05,3.377790
2023-04-06,3.932010
2023-04-07,3.321950
2023-04-08,2.073490
2023-04-09,2.759010
2023-04-10,3.577680
2023-04-11,3.050580
2023-04-12,3.636010
2023-04-13,2.842470
2023-04-14,1.470190
2023-04-15,3.739290
2023-04-16,2.993190
2023-04-17,1.933350
2023-04-18,2.921020
2023-04-19,3.450070
2023-04-20,2.958870
2023-04-21,3.579360
2023-04-22,3.072770
2023-04-23,3.539000
2023-04-24,3.828150
2023-04-25,3.562480
2023-04-26,3.674850
2023-04-27,3.637370
2023-04-28,3.655110
2023-04-29,3.709080
2023-04-30,3.688540
2023-05-01,3.747760
2023-05-02,3.516450
2023-05-03,3.134840
2023-05-04,3.368210
2023-05-05,3.040950
2023-05-06,2.761340
2023-05-07,3.224250
2023-05-08,3.060540
2023-05-09,3.085350
2023-05-10,2.588210
2023-05-11,3.085850
2023-05-12,3.156920
2023-05-13,2.229350
2023-05-14,3.426730
2023-05-15,3.175860
2023-05-16,2.377520
2023-05-17,3.037150
2023-05-18,3.172240
2023-05-19,3.440990
2023-05-20,2.689760
2023-05-21,3.150790
2023-05-22,3.157450
2023-05-23,2.728300
2023-05-24,3.083060
2023-05-25,2.140270
2023-05-26,2.729970
2023-05-27,2.273110
2023-05-28,3.391530
2023-05-29,2.952430
2023-05-30,3.412760
2023-05-31,3.439210
2023-06-01,0.927990
2023-06-02,3.296510
2023-06-03,3.503090
2023-06-04,3.138260
2023-06-05,1.929690
2023-06-06,0.818720
2023-06-07,2.298940
2023-06-08,1.384100
2023-06-09,1.173770
2023-06-10,1.639570
2023-06-11,3.496620
2023-06-12,2.876160
2023-06-13,3.162690
2023-06-14,3.188830
2023-06-15,3.474130
2023-06-16,3.540270
2023-06-17,3.366710
2023-06-18,2.852130
2023-06-19,2.391300
2023-06-20,1.588240
2023-06-21,1.199160
2023-06-22,2.438400
2023-06-23,3.138950
2023-06-24,3.259150
2023-06-25,2.678410
2023-06-26,3.113270
2023-06-27,3.331110
2023-06-28,3.388660
2023-06-29,3.407380
2023-06-30,2.514930
2023-07-01,2.187430
2023-07-02,3.039520
2023-07-03,2.935450
2023-07-04,2.952970
2023-07-05,3.055990
2023-07-06,2.892440
2023-07-07,2.997330
2023-07-08,3.028970
2023-07-09,3.157240
2023-07-10,3.528240
2023-07-11,3.428610
2023-07-12,3.361720
2023-07-13,3.406280
2023-07-14,3.068660
2023-07-15,2.033540
2023-07-16,2.798520
2023-07-17,2.887370
2023-07-18,2.942100
2023-07-19,2.415570
2023-07-20,1.976740
2023-07-21,2.506750
2023-07-22,2.497530
2023-07-23,3.267430
2023-07-24,3.015900
2023-07-25,3.012620
2023-07-26,2.500130
2023-07-27,3.084640
2023-07-28,2.143430
2023-07-29,3.573520
2023-07-30,3.190510
2023-07-31,3.321240
2023-08-01,3.442620
2023-08-02,1.855840
2023-08-03,2.237350
2023-08-04,1.321750
2023-08-05,3.133120
2023-08-06,3.520290
2023-08-07,3.475900
2023-08-08,3.373230
2023-08-09,3.107660
2023-08-10,3.019960
2023-08-11,3.383200
2023-08-12,3.473910
2023-08-13,3.477860
2023-08-14,3.399720
2023-08-15,3.203150
2023-08-16,3.508020
2023-08-17,3.575000
2023-08-18,3.514190
2023-08-19,0.814960
2023-08-20,2.681860
2023-08-21,3.299450
2023-08-22,3.443040
2023-08-23,3.022320
2023-08-24,3.307800
2023-08-25,2.465820
2023-08-26,3.304610
2023-08-27,3.073090
2023-08-28,2.858580
2023-08-29,2.938550
2023-08-30,2.513680
2023-08-31,3.219700
2023-09-01,3.215870
2023-09-02,3.143680
2023-09-03,2.601760
2023-09-04,2.863380
2023-09-05,3.026590
2023-09-06,3.412610
2023-09-07,3.346020
2023-09-08,2.773230
2023-09-09,3.298670
2023-09-10,2.957570
2023-09-11,3.048550
2023-09-12,2.792930
2023-09-13,2.826870
2023-09-14,3.107870
2023-09-15,3.116770
2023-09-16,3.454250
2023-09-17,1.215640
2023-09-18,2.165700
2023-09-19,3.011550
2023-09-20,2.011960
2023-09-21,3.031970
2023-09-22,3.190130
2023-09-23,3.118500
2023-09-24,2.874260
2023-09-25,3.368550
2023-09-26,2.249490
2023-09-27,2.971120
2023-09-28,2.741030
2023-09-29,2.566180
2023-09-30,3.296100
2023-10-01,3.289680
2023-10-02,3.420370
2023-10-03,3.244910
2023-10-04,3.011750
2023-10-05,3.334650
2023-10-06,3.281350
2023-10-07,3.241310
2023-10-08,3.214440
2023-10-09,3.077870
2023-10-10,3.198510
2023-10-11,3.256510
2023-10-12,3.317980
2023-10-13,3.245840
2023-10-14,3.177550
2023-10-15,2.759590
2023-10-16,2.310410
2023-10-17,2.491540
2023-10-18,2.329260
2023-10-19,1.514820
2023-10-20,1.750730
2023-10-21,2.154030
2023-10-22,1.896940
2023-10-23,2.664980
2023-10-24,2.708390
2023-10-25,2.819270
2023-10-26,1.954880
2023-10-27,1.935140
2023-10-28,1.955670
2023-10-29,2.302080
2023-10-30,3.007550
2023-10-31,2.805560
2023-11-01,2.705110
2023-11-02,2.352020
2023-11-03,1.186480
2023-11-04,1.994700
2023-11-05,2.972900
2023-11-06,2.273160
2023-11-07,1.646290
2023-11-08,2.605960
2023-11-09,2.496790
2023-11-10,3.178810
2023-11-11,2.063060
2023-11-12,2.627470
2023-11-13,3.157330
2023-11-14,2.646270
2023-11-15,2.977410
2023-11-16,3.118750
2023-11-17,3.137760
2023-11-18,3.101920
2023-11-19,3.058740
2023-11-20,2.919900
2023-11-21,0.930660
2023-11-22,2.714020
2023-11-23,2.999860
2023-11-24,2.148730
2023-11-25,1.901510
2023-11-26,2.703320
2023-11-27,1.527250
2023-11-28,2.559370
2023-11-29,2.930770
2023-11-30,2.987470
2023-12-01,2.294860
2023-12-02,1.203590
2023-12-03,2.573500
2023-12-04,1.088510
2023-12-05,0.817810
2023-12-06,1.296730
2023-12-07,1.674280
2023-12-08,1.978430
2023-12-09,2.967440
2023-12-10,2.810770
2023-12-11,2.667950
2023-12-12,2.733580
2023-12-13,2.621200
2023-12-14,1.796290
2023-12-15,2.054550
2023-12-16,2.860830
2023-12-17,2.943490
2023-12-18,2.812580
2023-12-19,2.423890
2023-12-20,0.835130
2023-12-21,1.043860
2023-12-22,2.168910
2023-12-23,1.169420
2023-12-24,2.908300
2023-12-25,2.877470
2023-12-26,2.922020
2023-12-27,2.989440
2023-12-28,2.878240
2023-12-29,2.832770
2023-12-30,2.860930
2023-12-31,2.843940
